record_id,source_id,pdf_id,page,sensor_architecture,dnazyme_name,full_sensor_sequence,target_name,target_sequence,reaction_type,detection_method,measurement_type,measurement_value,measurement_unit,lod_nM,signal_to_background_ratio,temperature_c,Gibbs_energy,buffer,pH,Mg_mM,Na_mM,fluorophore,quencher,source,source_location,extraction_confidence,extraction_notes
pdf_rec_00001,paper_gerasimova_2013_visual_bacterial_rna,gerasimova_2013_deoxyribozyme_cascade_bacterial_rna,2,DNAzyme_cascade,split_10-23_Dz_plus_peroxidase_like_Dz,,MTC synthetic DNA analyte corresponding to 16S rRNA fragment,,RNA_cleavage_then_peroxidase_like_oxidation,visual/colorimetric_absorbance_500nm,LOD,0.4,nM,0.4,,50,,"50 mM HEPES, 50 mM MgCl2, 20 mM KCl, 120 mM NaCl, 0.03% Triton X-100, 1% DMSO",7.4,50,120,,,10.1002/cbic.201300471,"page 2, text; Figures S3/S4 referenced",high,LOD for MTC-specific sensor using synthetic DNA analyte.
pdf_rec_00002,paper_gerasimova_2013_visual_bacterial_rna,gerasimova_2013_deoxyribozyme_cascade_bacterial_rna,2,DNAzyme_cascade,split_10-23_Dz_plus_peroxidase_like_Dz,,M. smegmatis synthetic DNA analyte corresponding to 16S rRNA fragment,,RNA_cleavage_then_peroxidase_like_oxidation,visual/colorimetric_absorbance_500nm,LOD,0.6,nM,0.6,,50,,"50 mM HEPES, 50 mM MgCl2, 20 mM KCl, 120 mM NaCl, 0.03% Triton X-100, 1% DMSO",7.4,50,120,,,10.1002/cbic.201300471,"page 2, text; Figures S3/S4 referenced",high,LOD for M. smegmatis-specific sensor using synthetic DNA analyte.
pdf_rec_00003,paper_gerasimova_2013_visual_bacterial_rna,gerasimova_2013_deoxyribozyme_cascade_bacterial_rna,2,DNAzyme_cascade,split_10-23_Dz_plus_peroxidase_like_Dz,,MTC total bacterial RNA / 16S rRNA-containing RNA,,RNA_cleavage_then_peroxidase_like_oxidation,visual/colorimetric_absorbance_500nm,LOD,4.4,ng/uL,,,50,,"50 mM HEPES, 50 mM MgCl2, 20 mM KCl, 120 mM NaCl, 0.03% Triton X-100, 1% DMSO",7.4,50,120,,,10.1002/cbic.201300471,"page 2, text; Figure 2C referenced",high,LOD in mass concentration; not converted to nM because total RNA composition/molecular weight assumptions are required.
pdf_rec_00004,paper_gerasimova_2013_visual_bacterial_rna,gerasimova_2013_deoxyribozyme_cascade_bacterial_rna,2,DNAzyme_cascade,split_10-23_Dz_plus_peroxidase_like_Dz,,M. smegmatis total bacterial RNA / 16S rRNA-containing RNA,,RNA_cleavage_then_peroxidase_like_oxidation,visual/colorimetric_absorbance_500nm,LOD,4.8,ng/uL,,,50,,"50 mM HEPES, 50 mM MgCl2, 20 mM KCl, 120 mM NaCl, 0.03% Triton X-100, 1% DMSO",7.4,50,120,,,10.1002/cbic.201300471,"page 2, text; Figure S6 referenced",high,LOD in mass concentration; not converted to nM because total RNA composition/molecular weight assumptions are required.
pdf_rec_00005,paper_gerasimova_2013_visual_bacterial_rna,gerasimova_2013_deoxyribozyme_cascade_bacterial_rna,2,DNAzyme_cascade,split_10-23_Dz_plus_peroxidase_like_Dz,,MTC total bacterial RNA / 16S rRNA-containing RNA,,RNA_cleavage_then_peroxidase_like_oxidation,visual/colorimetric_absorbance_500nm,visual_detection_amount,12.5,ng,,,50,,"50 mM HEPES, 50 mM MgCl2, 20 mM KCl, 120 mM NaCl, 0.03% Triton X-100, 1% DMSO",7.4,50,120,,,10.1002/cbic.201300471,"page 2, text; Figure 2B referenced",medium,TLC-based visualization allowed reliable detection of 12.5 ng total bacterial RNA in a 3 uL spot.
pdf_rec_00006,paper_cox_2016_mdm_rna,cox_2016_multifunctional_molecular_dna_machine_rna,9,BiDZ,BiDZ_Msg,,DMsg synthetic DNA analyte corresponding to M. smegmatis 16S rRNA fragment,,RNA_cleavage,fluorescence,LOD,221,pM,0.221,,55,,"50 mM HEPES, 50 mM MgCl2, 20 mM KCl, 120 mM NaCl, 0.03% Triton X-100, 1% DMSO",7.4,50,120,F,Q,10.1039/C6CC06889H,"Table 1, page 9",high,Manually transcribed from Table 1; LOD values calculated from Fig. S2/S3 according to ESI. Incubation time: 20 min.
pdf_rec_00007,paper_cox_2016_mdm_rna,cox_2016_multifunctional_molecular_dna_machine_rna,9,BiDZ,BiDZ_Msg,,DMsg synthetic DNA analyte corresponding to M. smegmatis 16S rRNA fragment,,RNA_cleavage,fluorescence,LOD,68,pM,0.068,,55,,"50 mM HEPES, 50 mM MgCl2, 20 mM KCl, 120 mM NaCl, 0.03% Triton X-100, 1% DMSO",7.4,50,120,F,Q,10.1039/C6CC06889H,"Table 1, page 9",high,Manually transcribed from Table 1; LOD values calculated from Fig. S2/S3 according to ESI. Incubation time: 60 min.
pdf_rec_00008,paper_cox_2016_mdm_rna,cox_2016_multifunctional_molecular_dna_machine_rna,9,BiDZ,BiDZ_Msg,,RMsg total RNA from M. smegmatis,,RNA_cleavage,fluorescence,LOD,4860,pM,4.86,,55,,"50 mM HEPES, 50 mM MgCl2, 20 mM KCl, 120 mM NaCl, 0.03% Triton X-100, 1% DMSO",7.4,50,120,F,Q,10.1039/C6CC06889H,"Table 1, page 9",high,Manually transcribed from Table 1; LOD values calculated from Fig. S2/S3 according to ESI. Incubation time: 20 min.
pdf_rec_00009,paper_cox_2016_mdm_rna,cox_2016_multifunctional_molecular_dna_machine_rna,9,BiDZ,BiDZ_Msg,,RMsg total RNA from M. smegmatis,,RNA_cleavage,fluorescence,LOD,974,pM,0.974,,55,,"50 mM HEPES, 50 mM MgCl2, 20 mM KCl, 120 mM NaCl, 0.03% Triton X-100, 1% DMSO",7.4,50,120,F,Q,10.1039/C6CC06889H,"Table 1, page 9",high,Manually transcribed from Table 1; LOD values calculated from Fig. S2/S3 according to ESI. Incubation time: 60 min.
pdf_rec_00010,paper_cox_2016_mdm_rna,cox_2016_multifunctional_molecular_dna_machine_rna,9,MDMR1_no_RNA_binding_arms,MDMR1_Msg no RNA-binding arms,,DMsg synthetic DNA analyte corresponding to M. smegmatis 16S rRNA fragment,,RNA_cleavage,fluorescence,LOD,50,pM,0.05,,55,,"50 mM HEPES, 50 mM MgCl2, 20 mM KCl, 120 mM NaCl, 0.03% Triton X-100, 1% DMSO",7.4,50,120,F,Q,10.1039/C6CC06889H,"Table 1, page 9",high,Manually transcribed from Table 1; LOD values calculated from Fig. S2/S3 according to ESI. Incubation time: 20 min.
pdf_rec_00011,paper_cox_2016_mdm_rna,cox_2016_multifunctional_molecular_dna_machine_rna,9,MDMR1_no_RNA_binding_arms,MDMR1_Msg no RNA-binding arms,,DMsg synthetic DNA analyte corresponding to M. smegmatis 16S rRNA fragment,,RNA_cleavage,fluorescence,LOD,8,pM,0.008,,55,,"50 mM HEPES, 50 mM MgCl2, 20 mM KCl, 120 mM NaCl, 0.03% Triton X-100, 1% DMSO",7.4,50,120,F,Q,10.1039/C6CC06889H,"Table 1, page 9",high,Manually transcribed from Table 1; LOD values calculated from Fig. S2/S3 according to ESI. Incubation time: 60 min.
pdf_rec_00012,paper_cox_2016_mdm_rna,cox_2016_multifunctional_molecular_dna_machine_rna,9,MDMR1_no_RNA_binding_arms,MDMR1_Msg no RNA-binding arms,,RMsg total RNA from M. smegmatis,,RNA_cleavage,fluorescence,LOD,1838,pM,1.838,,55,,"50 mM HEPES, 50 mM MgCl2, 20 mM KCl, 120 mM NaCl, 0.03% Triton X-100, 1% DMSO",7.4,50,120,F,Q,10.1039/C6CC06889H,"Table 1, page 9",high,Manually transcribed from Table 1; LOD values calculated from Fig. S2/S3 according to ESI. Incubation time: 20 min.
pdf_rec_00013,paper_cox_2016_mdm_rna,cox_2016_multifunctional_molecular_dna_machine_rna,9,MDMR1_no_RNA_binding_arms,MDMR1_Msg no RNA-binding arms,,RMsg total RNA from M. smegmatis,,RNA_cleavage,fluorescence,LOD,196,pM,0.196,,55,,"50 mM HEPES, 50 mM MgCl2, 20 mM KCl, 120 mM NaCl, 0.03% Triton X-100, 1% DMSO",7.4,50,120,F,Q,10.1039/C6CC06889H,"Table 1, page 9",high,Manually transcribed from Table 1; LOD values calculated from Fig. S2/S3 according to ESI. Incubation time: 60 min.
pdf_rec_00014,paper_cox_2016_mdm_rna,cox_2016_multifunctional_molecular_dna_machine_rna,9,MDMR1_no_Hook_strands,MDMR1_Msg no Hook strands,,DMsg synthetic DNA analyte corresponding to M. smegmatis 16S rRNA fragment,,RNA_cleavage,fluorescence,LOD,119,pM,0.119,,55,,"50 mM HEPES, 50 mM MgCl2, 20 mM KCl, 120 mM NaCl, 0.03% Triton X-100, 1% DMSO",7.4,50,120,F,Q,10.1039/C6CC06889H,"Table 1, page 9",high,Manually transcribed from Table 1; LOD values calculated from Fig. S2/S3 according to ESI. Incubation time: 20 min.
pdf_rec_00015,paper_cox_2016_mdm_rna,cox_2016_multifunctional_molecular_dna_machine_rna,9,MDMR1_no_Hook_strands,MDMR1_Msg no Hook strands,,DMsg synthetic DNA analyte corresponding to M. smegmatis 16S rRNA fragment,,RNA_cleavage,fluorescence,LOD,25,pM,0.025,,55,,"50 mM HEPES, 50 mM MgCl2, 20 mM KCl, 120 mM NaCl, 0.03% Triton X-100, 1% DMSO",7.4,50,120,F,Q,10.1039/C6CC06889H,"Table 1, page 9",high,Manually transcribed from Table 1; LOD values calculated from Fig. S2/S3 according to ESI. Incubation time: 60 min.
pdf_rec_00016,paper_cox_2016_mdm_rna,cox_2016_multifunctional_molecular_dna_machine_rna,9,MDMR1_no_Hook_strands,MDMR1_Msg no Hook strands,,RMsg total RNA from M. smegmatis,,RNA_cleavage,fluorescence,LOD,692,pM,0.692,,55,,"50 mM HEPES, 50 mM MgCl2, 20 mM KCl, 120 mM NaCl, 0.03% Triton X-100, 1% DMSO",7.4,50,120,F,Q,10.1039/C6CC06889H,"Table 1, page 9",high,Manually transcribed from Table 1; LOD values calculated from Fig. S2/S3 according to ESI. Incubation time: 20 min.
pdf_rec_00017,paper_cox_2016_mdm_rna,cox_2016_multifunctional_molecular_dna_machine_rna,9,MDMR1_no_Hook_strands,MDMR1_Msg no Hook strands,,RMsg total RNA from M. smegmatis,,RNA_cleavage,fluorescence,LOD,40,pM,0.04,,55,,"50 mM HEPES, 50 mM MgCl2, 20 mM KCl, 120 mM NaCl, 0.03% Triton X-100, 1% DMSO",7.4,50,120,F,Q,10.1039/C6CC06889H,"Table 1, page 9",high,Manually transcribed from Table 1; LOD values calculated from Fig. S2/S3 according to ESI. Incubation time: 60 min.
pdf_rec_00018,paper_cox_2016_mdm_rna,cox_2016_multifunctional_molecular_dna_machine_rna,9,MDMR1,MDMR1_Msg,,DMsg synthetic DNA analyte corresponding to M. smegmatis 16S rRNA fragment,,RNA_cleavage,fluorescence,LOD,35,pM,0.035,,55,,"50 mM HEPES, 50 mM MgCl2, 20 mM KCl, 120 mM NaCl, 0.03% Triton X-100, 1% DMSO",7.4,50,120,F,Q,10.1039/C6CC06889H,"Table 1, page 9",high,Manually transcribed from Table 1; LOD values calculated from Fig. S2/S3 according to ESI. Incubation time: 20 min.
pdf_rec_00019,paper_cox_2016_mdm_rna,cox_2016_multifunctional_molecular_dna_machine_rna,9,MDMR1,MDMR1_Msg,,DMsg synthetic DNA analyte corresponding to M. smegmatis 16S rRNA fragment,,RNA_cleavage,fluorescence,LOD,11,pM,0.011,,55,,"50 mM HEPES, 50 mM MgCl2, 20 mM KCl, 120 mM NaCl, 0.03% Triton X-100, 1% DMSO",7.4,50,120,F,Q,10.1039/C6CC06889H,"Table 1, page 9",high,Manually transcribed from Table 1; LOD values calculated from Fig. S2/S3 according to ESI. Incubation time: 60 min.
pdf_rec_00020,paper_cox_2016_mdm_rna,cox_2016_multifunctional_molecular_dna_machine_rna,9,MDMR1,MDMR1_Msg,,RMsg total RNA from M. smegmatis,,RNA_cleavage,fluorescence,LOD,204,pM,0.204,,55,,"50 mM HEPES, 50 mM MgCl2, 20 mM KCl, 120 mM NaCl, 0.03% Triton X-100, 1% DMSO",7.4,50,120,F,Q,10.1039/C6CC06889H,"Table 1, page 9",high,Manually transcribed from Table 1; LOD values calculated from Fig. S2/S3 according to ESI. Incubation time: 20 min.
pdf_rec_00021,paper_cox_2016_mdm_rna,cox_2016_multifunctional_molecular_dna_machine_rna,9,MDMR1,MDMR1_Msg,,RMsg total RNA from M. smegmatis,,RNA_cleavage,fluorescence,LOD,50,pM,0.05,,55,,"50 mM HEPES, 50 mM MgCl2, 20 mM KCl, 120 mM NaCl, 0.03% Triton X-100, 1% DMSO",7.4,50,120,F,Q,10.1039/C6CC06889H,"Table 1, page 9",high,Manually transcribed from Table 1; LOD values calculated from Fig. S2/S3 according to ESI. Incubation time: 60 min.
pdf_rec_00022,paper_solyanikova_2025_viral_rna_dnm,solyanikova_2025_multicomponent_dna_nanomachines_viral_rna,4,MB-DNS,not_DNAzyme_comparison_sensor,,RSV synthetic analyte,,hybridization_molecular_beacon,fluorescence,LOD,2,nM,2,,room_temperature,,"Col buffer: 200 mM MgCl2, 15 mM NaCl, 150 mM KCl, 50 mM HEPES",7.4,200,15,FAM,Black Hole Quencher,10.3390/ijms26083652,"page 4, section 2.3.1 / Figure 3",high,Comparison non-DNAzyme MB-DNS record from same paper; exclude if final scope is strict DNAzyme-only.
pdf_rec_00023,paper_solyanikova_2025_viral_rna_dnm,solyanikova_2025_multicomponent_dna_nanomachines_viral_rna,4,MB-DNS,not_DNAzyme_comparison_sensor,,HPIV synthetic analyte,,hybridization_molecular_beacon,fluorescence,LOD,4,nM,4,,room_temperature,,"Col buffer: 200 mM MgCl2, 15 mM NaCl, 150 mM KCl, 50 mM HEPES",7.4,200,15,FAM,Black Hole Quencher,10.3390/ijms26083652,"page 4, section 2.3.1 / Figure 3",high,Comparison non-DNAzyme MB-DNS record from same paper; exclude if final scope is strict DNAzyme-only.
pdf_rec_00024,paper_solyanikova_2025_viral_rna_dnm,solyanikova_2025_multicomponent_dna_nanomachines_viral_rna,7,6DNM,6DNM,,HPIV synthetic DNA analyte corresponding to viral RNA fragment,,RNA_cleavage,fluorescence,LOD,10,pM,0.01,,55,,"Col buffer: 200 mM MgCl2, 15 mM NaCl, 150 mM KCl, 50 mM HEPES",7.4,200,15,FAM,Black Hole Quencher,10.3390/ijms26083652,"page 7, section 2.4.2 / Figure 8",high,DNM LOD; incubation time 1 h.
pdf_rec_00025,paper_solyanikova_2025_viral_rna_dnm,solyanikova_2025_multicomponent_dna_nanomachines_viral_rna,7,6DNM,6DNM,,HPIV synthetic DNA analyte corresponding to viral RNA fragment,,RNA_cleavage,fluorescence,LOD,5,pM,0.005,,55,,"Col buffer: 200 mM MgCl2, 15 mM NaCl, 150 mM KCl, 50 mM HEPES",7.4,200,15,FAM,Black Hole Quencher,10.3390/ijms26083652,"page 7, section 2.4.2 / Figure 8",high,DNM LOD; incubation time 3 h.
pdf_rec_00026,paper_solyanikova_2025_viral_rna_dnm,solyanikova_2025_multicomponent_dna_nanomachines_viral_rna,7,6DNM,6DNM,,RSV synthetic DNA analyte corresponding to viral RNA fragment,,RNA_cleavage,fluorescence,LOD,12,pM,0.012,,55,,"Col buffer: 200 mM MgCl2, 15 mM NaCl, 150 mM KCl, 50 mM HEPES",7.4,200,15,FAM,Black Hole Quencher,10.3390/ijms26083652,"page 7, section 2.4.2 / Figure 8",high,DNM LOD; incubation time 1 h.
pdf_rec_00027,paper_solyanikova_2025_viral_rna_dnm,solyanikova_2025_multicomponent_dna_nanomachines_viral_rna,7,6DNM,6DNM,,RSV synthetic DNA analyte corresponding to viral RNA fragment,,RNA_cleavage,fluorescence,LOD,3,pM,0.003,,55,,"Col buffer: 200 mM MgCl2, 15 mM NaCl, 150 mM KCl, 50 mM HEPES",7.4,200,15,FAM,Black Hole Quencher,10.3390/ijms26083652,"page 7, section 2.4.2 / Figure 8",high,DNM LOD; incubation time 3 h.
pdf_rec_00028,paper_solyanikova_2025_viral_rna_dnm,solyanikova_2025_multicomponent_dna_nanomachines_viral_rna,8,4DNM,4DNM,,HPIV synthetic DNA analyte corresponding to viral RNA fragment,,RNA_cleavage,fluorescence,LOD,109,pM,0.109,,55,,"Col buffer: 200 mM MgCl2, 15 mM NaCl, 150 mM KCl, 50 mM HEPES",7.4,200,15,FAM,Black Hole Quencher,10.3390/ijms26083652,"page 8, section 2.4.2 / Figure S4",medium,DNM LOD; incubation time 1 h.
pdf_rec_00029,paper_solyanikova_2025_viral_rna_dnm,solyanikova_2025_multicomponent_dna_nanomachines_viral_rna,8,4DNM,4DNM,,HPIV synthetic DNA analyte corresponding to viral RNA fragment,,RNA_cleavage,fluorescence,LOD,43,pM,0.043,,55,,"Col buffer: 200 mM MgCl2, 15 mM NaCl, 150 mM KCl, 50 mM HEPES",7.4,200,15,FAM,Black Hole Quencher,10.3390/ijms26083652,"page 8, section 2.4.2 / Figure S4",medium,DNM LOD; incubation time 3 h.
pdf_rec_00030,paper_solyanikova_2025_viral_rna_dnm,solyanikova_2025_multicomponent_dna_nanomachines_viral_rna,8,4DNM,4DNM,,RSVA synthetic DNA analyte corresponding to viral RNA fragment,,RNA_cleavage,fluorescence,LOD,51,pM,0.051,,55,,"Col buffer: 200 mM MgCl2, 15 mM NaCl, 150 mM KCl, 50 mM HEPES",7.4,200,15,FAM,Black Hole Quencher,10.3390/ijms26083652,"page 8, section 2.4.2 / Figure S4; approximate",medium,DNM LOD; incubation time 1 h.
pdf_rec_00031,paper_solyanikova_2025_viral_rna_dnm,solyanikova_2025_multicomponent_dna_nanomachines_viral_rna,8,4DNM,4DNM,,RSVA synthetic DNA analyte corresponding to viral RNA fragment,,RNA_cleavage,fluorescence,LOD,17,pM,0.017,,55,,"Col buffer: 200 mM MgCl2, 15 mM NaCl, 150 mM KCl, 50 mM HEPES",7.4,200,15,FAM,Black Hole Quencher,10.3390/ijms26083652,"page 8, section 2.4.2 / Figure S4; approximate",medium,DNM LOD; incubation time 3 h.
pdf_rec_00032,paper_solyanikova_2025_viral_rna_dnm,solyanikova_2025_multicomponent_dna_nanomachines_viral_rna,8,6DNM,6DNM,,HPIV and RSV viral RNA,,RNA_cleavage,fluorescence,detectable_concentration,1,pM,0.001,,55,,"Col buffer: 200 mM MgCl2, 15 mM NaCl, 150 mM KCl, 50 mM HEPES",7.4,200,15,FAM,Black Hole Quencher,10.3390/ijms26083652,"page 8, section 2.4.3 / Figure 9",medium,"Reported as specific recognition at 1 pM, not formal LOD."
pdf_rec_00033,paper_gerasimova_2013_visual_bacterial_rna,gerasimova_2013_deoxyribozyme_cascade_bacterial_rna,2,DNAzyme_cascade,split_10-23_Dz_plus_peroxidase_like_Dz,,MTC and M. smegmatis synthetic DNA analytes,,RNA_cleavage_then_peroxidase_like_oxidation,visual/colorimetric_absorbance_500nm,sensitivity_improvement_factor,20,fold,,,,,,,,,,,10.1002/cbic.201300471,"page 2, text",medium,Automatically detected as pdf_cand_00003 and manually verified: synthetic-analyte LOD is reported as at least 20 times lower than a PDz-based sensor without the Dz cascade.
pdf_rec_00034,paper_cox_2016_mdm_rna,cox_2016_multifunctional_molecular_dna_machine_rna,1,MDMR1,MDMR1,,16S rRNA,,RNA_cleavage,fluorescence,sensitivity_improvement_factor,24,fold,,,,,,,,,,,10.1039/C6CC06889H,page 1 abstract / page 4 conclusion,medium,Automatically detected as pdf_cand_00004/pdf_cand_00008 and manually verified: MDMR1 detected 16S rRNA at about 24-fold lower concentration than a traditional deoxyribozyme probe.
pdf_rec_00035,paper_cox_2016_mdm_rna,cox_2016_multifunctional_molecular_dna_machine_rna,3,MDMR1,MDMR1_Msg,,DMsg synthetic DNA analyte corresponding to M. smegmatis 16S rRNA fragment,,RNA_cleavage,fluorescence,sensitivity_improvement_factor,6,fold,,,,,,,,,,,10.1039/C6CC06889H,page 3 text / Table 1 context,medium,"Manually verified from text: in a 20 min assay MDMR1 LOD for DMsg was 35 pM, reported as 6 times lower than tile-free BiDZ_Msg."
pdf_rec_00036,paper_cox_2016_mdm_rna,cox_2016_multifunctional_molecular_dna_machine_rna,3,MDMR1,MDMR1_Msg,,RMsg total RNA from M. smegmatis,,RNA_cleavage,fluorescence,sensitivity_improvement_factor,24,fold,,,,,,,,,,,10.1039/C6CC06889H,page 3 text / Table 1 context,medium,"Automatically detected as pdf_cand_00007 and manually verified from text: in a 20 min assay MDMR1 LOD for RMsg was 204 pM, reported as 24 times lower than tile-free BiDZ_Msg."
pdf_rec_00037,paper_cox_2016_mdm_rna,cox_2016_multifunctional_molecular_dna_machine_rna,3,MDMR1,MDMR1_Msg,,RMsg total RNA from M. smegmatis,,RNA_cleavage,fluorescence,sensitivity_improvement_factor,20,fold,,,,,,,,,,,10.1039/C6CC06889H,page 3 text,medium,"Manually verified from text: in a 60 min assay, the advantage in LOD of MDMR1 for RMsg was reported as about 20-fold."
pdf_rec_00038,paper_solyanikova_2025_viral_rna_dnm,solyanikova_2025_multicomponent_dna_nanomachines_viral_rna,8,4DNM_vs_6DNM,4DNM and 6DNM,,HPIV and RSVA synthetic DNA analytes corresponding to viral RNA fragments,,RNA_cleavage,fluorescence,sensitivity_difference_factor,10,fold,,,,,,,,,,,10.3390/ijms26083652,"page 8, section 2.4.2",medium,Manually verified from text: 4DNMs are reported as approximately 10-fold less sensitive than the 6DNM counterparts under identical conditions.
